customer_id,total_spent,num_purchases,avg_purchase_value,last_purchase_date
1,1149.01,49,23.45,2025-06-15
2,958.52,20,47.93,2025-07-05
3,1194.31,12,99.53,2025-06-20
4,1456.91,15,97.13,2025-07-07
5,929.75,18,51.65,2025-06-22
6,929.76,15,61.98,2025-06-25
7,1473.76,18,81.88,2025-06-28
8,1230.23,48,25.63,2025-07-07
9,859.16,40,21.48,2025-06-18
10,1162.77,41,28.36,2025-06-24
11,860.97,21,41.0,2025-06-18
12,860.28,17,50.6,2025-07-10
13,1072.59,17,63.09,2025-06-23
14,426.02,37,11.51,2025-06-21
15,482.52,29,16.64,2025-06-24
16,831.31,16,51.96,2025-06-14
17,696.15,20,34.81,2025-06-13
18,1094.27,29,37.73,2025-06-14
19,727.59,25,29.1,2025-06-26
20,576.31,13,44.33,2025-06-30
21,1439.69,15,95.98,2025-06-16
22,932.27,31,30.07,2025-06-13
23,1020.26,35,29.15,2025-06-19
24,572.58,12,47.71,2025-06-28
25,836.69,23,36.38,2025-07-10
26,1033.28,20,51.66,2025-06-24
27,654.7,27,24.25,2025-07-05
28,1112.71,21,52.99,2025-07-07
29,819.81,32,25.62,2025-06-21
30,912.49,21,43.45,2025-06-25
31,819.49,22,37.25,2025-06-26
32,1555.68,34,45.76,2025-06-14
33,995.95,28,35.57,2025-06-26
34,682.69,45,15.17,2025-07-05
35,1246.76,17,73.34,2025-06-26
36,633.75,38,16.68,2025-06-27
37,1062.66,41,25.92,2025-06-13
38,412.1,27,15.26,2025-06-30
39,601.54,15,40.1,2025-07-04
40,1059.06,27,39.22,2025-07-02
41,1221.54,28,43.63,2025-06-15
42,1051.41,31,33.92,2025-06-25
43,965.31,46,20.98,2025-07-06
44,909.67,41,22.19,2025-06-16
45,556.44,12,46.37,2025-06-21
46,784.05,37,21.19,2025-06-12
47,861.81,19,45.36,2025-07-01
48,1317.14,44,29.93,2025-06-23
49,1103.09,38,29.03,2025-07-08
50,,24,19.63,2025-06-28
51,1097.23,42,26.12,2025-06-30
52,884.48,16,55.28,2025-06-24
53,796.92,21,37.95,2025-06-19
54,1183.5,39,30.35,2025-06-28
55,1309.3,30,43.64,2025-07-05
56,1279.38,40,31.98,2025-06-24
57,748.23,33,22.67,2025-06-14
58,907.24,29,31.28,2025-06-28
59,1099.38,46,23.9,2025-06-22
60,1292.66,13,99.44,2025-06-20
61,856.25,37,23.14,2025-06-22
62,944.3,29,32.56,2025-07-01
63,668.1,33,20.25,2025-07-08
64,641.14,41,15.64,2025-06-27
65,-1243.76,45,27.64,2025-06-15
66,1406.87,43,32.72,2025-06-22
67,978.4,45,21.74,2025-07-06
68,1301.06,11,118.28,2025-06-12
69,1108.49,24,46.19,2025-07-06
70,806.46,43,18.75,2025-06-21
71,1108.42,45,24.63,2025-06-24
72,1461.41,15,97.43,2025-06-20
73,989.25,48,20.61,2025-07-01
74,1469.39,21,69.97,2025-07-06
75,,12,17.84,2025-07-07
76,1246.57,27,46.17,2025-07-05
77,1026.11,49,20.94,2025-06-15
78,910.3,30,30.34,2025-07-07
79,1027.53,24,42.81,2025-07-04
80,403.73,42,9.61,2025-07-04
81,934.1,44,21.23,2025-06-23
82,1107.13,35,31.63,2025-07-08
83,1443.37,17,84.9,2025-07-10
84,844.52,45,18.77,2025-06-17
85,757.45,39,19.42,2025-06-16
86,849.47,32,26.55,2025-07-07
87,,23,55.42,2025-07-05
88,1098.63,23,47.77,2025-07-02
89,841.07,11,76.46,2025-06-19
90,1153.98,46,25.09,2025-06-27
91,1029.12,14,73.51,2025-06-13
92,1290.59,47,27.46,2025-06-29
93,789.38,23,34.32,2025-06-13
94,901.7,48,18.79,2025-06-16
95,882.37,34,25.95,2025-06-21
96,560.95,29,19.34,2025-06-17
97,1088.84,11,98.99,2025-06-16
98,,48,22.46,2025-07-07
99,1001.53,15,66.77,2025-06-20
100,929.62,26,35.75,2025-06-17
101,575.39,34,16.92,2025-06-29
102,873.81,37,23.62,2025-07-01
103,897.19,11,81.56,2025-06-19
104,759.32,44,17.26,2025-06-13
105,951.61,46,20.69,2025-07-04
106,1121.22,14,80.09,2025-07-08
107,1565.86,10,156.59,2025-06-18
108,1052.37,49,21.48,2025-06-13
109,1077.27,21,51.3,2025-06-27
110,,45,21.73,2025-06-17
111,424.37,32,13.26,2025-07-01
112,992.05,40,24.8,2025-06-25
113,1018.07,20,50.9,2025-06-25
114,1738.97,19,91.52,2025-06-19
115,942.29,12,78.52,2025-07-01
116,1090.46,23,47.41,2025-06-16
117,,25,39.58,2025-06-28
118,649.4,19,34.18,2025-07-05
119,1342.85,38,35.34,2025-06-29
120,1225.58,19,64.5,2025-07-02
121,1237.31,21,58.92,2025-06-28
122,727.18,39,18.65,2025-07-07
123,1420.84,10,142.08,2025-06-17
124,579.44,14,41.39,2025-06-30
125,1176.06,29,40.55,2025-06-21
126,1657.14,17,97.48,2025-06-23
127,702.84,21,33.47,2025-06-15
128,830.11,10,83.01,2025-06-30
129,1029.9,29,35.51,2025-06-16
130,848.96,37,22.94,2025-06-20
131,534.8,46,11.63,2025-07-07
132,1020.57,46,22.19,2025-06-23
133,681.31,21,32.44,2025-07-10
134,1142.08,46,24.83,2025-06-14
135,724.17,37,19.57,2025-07-04
136,1464.98,24,61.04,2025-07-05
137,765.02,15,51.0,2025-06-26
138,903.38,29,31.15,2025-06-23
139,1244.06,23,54.09,2025-06-17
140,630.74,11,57.34,2025-06-30
141,1068.24,18,59.35,2025-06-21
142,1392.14,46,30.26,2025-06-17
143,517.76,29,17.85,2025-06-26
144,1055.39,35,30.15,2025-06-25
145,1077.96,38,28.37,2025-07-04
146,1234.55,10,123.45,2025-06-20
147,628.91,44,14.29,2025-07-01
148,603.86,15,40.26,2025-06-15
149,1156.58,46,25.14,2025-06-29
150,1089.1,14,77.79,2025-06-17
151,1075.15,42,25.6,2025-06-27
152,1103.93,23,48.0,2025-06-16
153,795.99,21,37.9,2025-07-06
154,1069.68,29,36.89,2025-06-15
155,1087.92,33,32.97,2025-06-20
156,785.69,43,18.27,2025-06-23
157,-1559.73,34,45.87,2025-07-06
158,1142.15,38,30.06,2025-07-08
159,642.61,48,13.39,2025-06-18
160,1196.97,40,29.92,2025-06-15
161,707.6,32,22.11,2025-07-06
162,1236.13,47,26.3,2025-06-17
163,1347.58,29,46.47,2025-06-24
164,753.8,32,23.56,2025-06-22
165,1289.01,25,51.56,2025-06-22
166,1123.83,17,66.11,2025-06-16
167,1246.62,30,41.55,2025-06-20
168,1569.04,10,156.9,2025-06-29
169,926.38,17,54.49,2025-06-16
170,773.88,38,20.37,2025-06-12
171,733.15,41,17.88,2025-07-02
172,755.26,47,16.07,2025-07-10
173,976.87,14,69.78,2025-06-23
174,1102.35,31,35.56,2025-06-20
175,1083.01,43,25.19,2025-07-07
176,1248.15,10,124.82,2025-07-01
177,1003.9,35,28.68,2025-06-16
178,1436.06,19,75.58,2025-07-04
179,920.6,39,23.61,2025-06-19
180,1816.05,27,67.26,2025-06-18
181,1187.7,26,45.68,2025-07-10
182,742.85,35,21.22,2025-06-24
183,678.73,17,39.93,2025-06-17
184,1144.74,49,23.36,2025-06-12
185,932.96,21,44.43,2025-06-12
186,,36,33.73,2025-07-09
187,1141.97,17,67.17,2025-06-13
188,978.15,34,28.77,2025-06-15
189,745.96,13,57.38,2025-06-30
190,545.55,42,12.99,2025-07-02
191,866.05,10,86.6,2025-07-04
192,1256.92,28,44.89,2025-06-19
193,1064.23,40,26.61,2025-06-24
194,626.28,25,25.05,2025-06-24
195,1051.95,23,45.74,2025-07-09
196,-1115.6,14,79.69,2025-07-05
197,734.84,35,21.0,2025-06-27
198,1046.12,37,28.27,2025-07-05
199,1017.46,11,92.5,2025-07-09
200,657.11,15,43.81,2025-07-10
201,1107.34,18,61.52,2025-07-01
202,1168.24,42,27.82,2025-06-20
203,1324.92,34,38.97,2025-07-06
204,1316.14,22,59.82,2025-07-09
205,586.7,18,32.59,2025-06-19
206,718.65,22,32.67,2025-06-25
207,1154.51,40,28.86,2025-06-16
208,1154.14,20,57.71,2025-07-09
209,1154.51,13,88.81,2025-07-01
210,2155.82,43,50.14,2025-07-09
211,1171.27,47,24.92,2025-06-25
212,1340.67,13,103.13,2025-06-25
213,1286.2,47,27.37,2025-06-22
214,1195.42,28,42.69,2025-06-12
215,905.42,15,60.36,2025-07-04
216,1227.69,43,28.55,2025-06-19
217,768.15,27,28.45,2025-06-29
218,928.95,22,42.23,2025-06-17
219,854.39,32,26.7,2025-06-26
220,,28,36.59,2025-07-03
221,,20,84.72,2025-07-05
222,439.82,10,43.98,2025-06-13
223,1205.88,33,36.54,2025-06-14
224,516.19,16,32.26,2025-07-01
225,858.42,34,25.25,2025-07-08
226,1326.69,30,44.22,2025-06-22
227,1019.28,24,42.47,2025-06-24
228,676.68,10,67.67,2025-07-04
229,785.41,21,37.4,2025-06-20
230,1203.88,16,75.24,2025-06-21
231,780.89,24,32.54,2025-06-15
232,1064.94,30,35.5,2025-07-07
233,1013.67,28,36.2,2025-06-27
234,804.52,38,21.17,2025-06-21
235,1643.18,34,48.33,2025-06-19
236,1190.18,42,28.34,2025-06-26
237,392.46,41,9.57,2025-06-17
238,1055.94,44,24.0,2025-07-03
239,801.46,47,17.05,2025-06-20
240,1255.73,35,35.88,2025-06-26
241,762.24,20,38.11,2025-06-19
242,965.58,44,21.94,2025-06-21
243,1151.5,17,67.74,2025-06-13
244,1259.73,23,54.77,2025-06-27
245,,19,33.68,2025-06-14
246,899.65,11,81.79,2025-06-12
247,857.52,18,47.64,2025-07-02
248,804.0,12,67.0,2025-07-03
249,1529.64,30,50.99,2025-06-15
250,1121.49,35,32.04,2025-06-13
251,621.73,17,36.57,2025-06-15
252,1275.36,11,115.94,2025-06-24
253,1636.65,15,109.11,2025-07-09
254,,37,35.4,2025-06-16
255,544.19,38,14.32,2025-06-17
256,854.73,35,24.42,2025-07-08
257,1380.07,34,40.59,2025-07-03
258,787.7,21,37.51,2025-06-29
259,-1133.15,14,80.94,2025-07-10
260,1232.39,43,28.66,2025-07-01
261,721.92,46,15.69,2025-06-21
262,982.14,24,40.92,2025-07-08
263,27.62,45,0.61,2025-07-05
264,,24,28.86,2025-07-04
265,924.23,32,28.88,2025-06-21
266,625.67,15,41.71,2025-06-18
267,1489.72,30,49.66,2025-06-16
268,570.96,32,17.84,2025-06-14
269,867.99,25,34.72,2025-06-23
270,1039.22,24,43.3,2025-06-30
271,1432.38,34,42.13,2025-06-22
272,569.24,45,12.65,2025-07-06
273,1348.95,20,67.45,2025-06-22
274,1003.07,24,41.79,2025-06-30
275,705.55,13,54.27,2025-06-17
276,1138.63,30,37.95,2025-06-29
277,,22,48.17,2025-07-01
278,819.93,31,26.45,2025-07-03
279,1020.94,28,36.46,2025-06-17
280,884.41,43,20.57,2025-06-13
281,1034.06,23,44.96,2025-06-13
282,1198.64,13,92.2,2025-07-02
283,1475.81,36,40.99,2025-07-07
284,628.66,38,16.54,2025-07-06
285,1639.91,37,44.32,2025-06-20
286,414.37,44,9.42,2025-07-03
287,954.46,17,56.14,2025-06-18
288,1176.5,25,47.06,2025-07-02
289,1084.3,45,24.1,2025-06-26
290,813.19,39,20.85,2025-06-26
291,937.56,27,34.72,2025-06-25
292,852.1,11,77.46,2025-06-27
293,823.19,22,37.42,2025-07-03
294,1254.88,13,96.53,2025-06-23
295,1107.1,35,31.63,2025-07-01
296,792.13,34,23.3,2025-06-13
297,1269.88,39,32.56,2025-06-21
298,1092.19,20,54.61,2025-07-05
299,1243.86,16,77.74,2025-06-29
300,1188.89,40,29.72,2025-07-09
301,751.3,19,39.54,2025-07-04
302,831.95,48,17.33,2025-06-25
303,1224.19,22,55.64,2025-07-08
304,,40,29.58,2025-06-28
305,993.73,16,62.11,2025-07-08
306,1035.2,45,23.0,2025-06-14
307,1383.3,29,47.7,2025-06-23
308,822.53,13,63.27,2025-06-30
309,1164.13,16,72.76,2025-07-03
310,939.34,10,93.93,2025-07-05
311,934.7,22,42.49,2025-07-10
312,,31,42.89,2025-06-13
313,1247.62,30,41.59,2025-07-10
314,1244.05,31,40.13,2025-06-18
315,1391.64,37,37.61,2025-07-03
316,1006.3,18,55.91,2025-07-06
317,1204.59,35,34.42,2025-06-13
318,906.92,18,50.38,2025-06-25
319,,24,45.72,2025-06-30
320,-960.96,19,50.58,2025-07-06
321,1029.1,33,31.18,2025-07-07
322,1178.55,17,69.33,2025-07-05
323,754.53,33,22.86,2025-06-27
324,1627.72,25,65.11,2025-06-19
325,698.19,35,19.95,2025-06-22
326,635.74,36,17.66,2025-07-02
327,1347.43,46,29.29,2025-06-29
328,1237.5,13,95.19,2025-06-30
329,1187.24,33,35.98,2025-06-27
330,1188.5,28,42.45,2025-06-18
331,,45,22.14,2025-06-25
332,730.82,48,15.23,2025-07-10
333,1022.74,19,53.83,2025-06-28
334,796.85,34,23.44,2025-06-18
335,1292.54,27,47.87,2025-06-20
336,955.88,28,34.14,2025-06-20
337,752.35,45,16.72,2025-06-28
338,903.58,19,47.56,2025-07-09
339,1123.88,42,26.76,2025-07-07
340,830.88,14,59.35,2025-06-13
341,753.33,44,17.12,2025-07-05
342,1073.11,43,24.96,2025-06-15
343,1073.49,42,25.56,2025-06-14
344,847.92,30,28.26,2025-06-18
345,858.69,26,33.03,2025-06-14
346,1069.61,31,34.5,2025-07-06
347,565.57,46,12.3,2025-06-16
348,577.76,24,24.07,2025-07-08
349,784.47,44,17.83,2025-07-10
350,935.97,37,25.3,2025-07-07
351,1093.27,16,68.33,2025-06-16
352,1442.61,41,35.19,2025-06-21
353,1257.3,20,62.86,2025-07-09
354,952.02,19,50.11,2025-06-15
355,994.3,18,55.24,2025-07-06
356,699.24,23,30.4,2025-07-08
357,,22,45.2,2025-06-12
358,913.4,34,26.86,2025-06-13
359,1096.82,11,99.71,2025-06-12
360,751.83,44,17.09,2025-07-02
361,1155.8,16,72.24,2025-06-21
362,1459.82,30,48.66,2025-07-05
363,967.37,27,35.83,2025-06-23
364,1120.51,12,93.38,2025-07-05
365,1207.04,48,25.15,2025-06-22
366,879.63,20,43.98,2025-06-13
367,1067.23,48,22.23,2025-06-29
368,1003.78,33,30.42,2025-06-16
369,1029.3,28,36.76,2025-06-30
370,768.1,13,59.08,2025-07-09
371,1007.35,35,28.78,2025-06-26
372,1149.4,47,24.46,2025-06-29
373,1435.34,41,35.01,2025-06-29
374,1287.78,48,26.83,2025-07-02
375,1645.95,45,36.58,2025-06-20
376,769.8,49,15.71,2025-06-17
377,1261.7,46,27.43,2025-07-09
378,1055.0,42,25.12,2025-06-19
379,1656.94,45,36.82,2025-07-08
380,757.51,12,63.13,2025-06-29
381,,18,41.56,2025-06-13
382,820.18,17,48.25,2025-06-15
383,-362.83,42,8.64,2025-06-25
384,842.27,15,56.15,2025-06-20
385,772.26,48,16.09,2025-06-13
386,1045.12,13,80.39,2025-06-17
387,1102.53,22,50.11,2025-06-15
388,1562.85,11,142.08,2025-07-10
389,1285.13,14,91.79,2025-06-20
390,826.93,36,22.97,2025-07-08
391,730.48,41,17.82,2025-06-21
392,1147.58,30,38.25,2025-07-09
393,-603.93,17,35.53,2025-07-02
394,1549.44,47,32.97,2025-06-22
395,1353.83,17,79.64,2025-06-26
396,859.25,12,71.6,2025-06-23
397,,12,40.5,2025-06-15
398,1406.16,31,45.36,2025-06-30
399,965.64,15,64.38,2025-06-16
400,1371.34,11,124.67,2025-06-18
401,521.67,32,16.3,2025-06-25
402,820.19,11,74.56,2025-06-19
403,1001.57,47,21.31,2025-06-24
404,1014.09,26,39.0,2025-07-06
405,864.98,44,19.66,2025-06-29
406,1186.85,43,27.6,2025-06-30
407,679.71,32,21.24,2025-06-26
408,957.29,39,24.55,2025-06-14
409,1036.09,17,60.95,2025-07-08
410,1154.33,31,37.24,2025-07-10
411,1213.48,45,26.97,2025-06-21
412,662.61,14,47.33,2025-06-12
413,539.77,22,24.53,2025-06-25
414,1383.3,38,36.4,2025-07-09
415,1099.69,40,27.49,2025-07-09
416,775.45,25,31.02,2025-07-08
417,1465.35,39,37.57,2025-07-03
418,1034.7,25,41.39,2025-06-17
419,1353.79,21,64.47,2025-06-13
420,1020.26,26,39.24,2025-06-26
421,1618.22,25,64.73,2025-07-04
422,1526.6,21,72.7,2025-07-05
423,925.31,17,54.43,2025-07-02
424,1291.47,29,44.53,2025-06-21
425,1193.61,12,99.47,2025-06-13
426,1410.59,25,56.42,2025-07-10
427,710.52,39,18.22,2025-07-03
428,1205.82,32,37.68,2025-06-18
429,1317.53,37,35.61,2025-06-18
430,472.38,49,9.64,2025-07-08
431,645.02,14,46.07,2025-07-07
432,388.23,29,13.39,2025-06-15
433,,49,18.76,2025-06-16
434,1215.26,10,121.53,2025-06-26
435,1450.71,39,37.2,2025-07-05
436,1022.23,30,34.07,2025-06-26
437,1488.58,29,51.33,2025-06-20
438,585.97,15,39.06,2025-07-08
439,488.99,31,15.77,2025-06-16
440,983.34,27,36.42,2025-06-20
441,1115.22,17,65.6,2025-06-20
442,990.19,48,20.63,2025-06-27
443,379.77,41,9.26,2025-06-21
444,973.26,42,23.17,2025-06-27
445,608.66,25,24.35,2025-07-07
446,1200.9,21,57.19,2025-06-29
447,1109.98,47,23.62,2025-06-24
448,718.04,43,16.7,2025-07-04
449,845.84,23,36.78,2025-07-02
450,682.24,45,15.16,2025-07-08
451,981.2,42,23.36,2025-06-13
452,1286.54,32,40.2,2025-06-28
453,704.28,11,64.03,2025-06-26
454,1151.21,30,38.37,2025-06-23
455,840.92,11,76.45,2025-06-22
456,762.14,36,21.17,2025-07-10
457,967.89,18,53.77,2025-07-05
458,689.43,10,68.94,2025-06-14
459,833.91,20,41.7,2025-06-14
460,,12,53.39,2025-06-18
461,1589.42,32,49.67,2025-06-14
462,1010.58,35,28.87,2025-06-14
463,790.08,13,60.78,2025-07-09
464,1064.19,27,39.41,2025-06-17
465,966.3,15,64.42,2025-06-27
466,933.71,44,21.22,2025-07-05
467,1184.25,31,38.2,2025-06-27
468,1227.25,24,51.14,2025-07-07
469,840.85,31,27.12,2025-06-20
470,827.25,46,17.98,2025-07-03
471,917.48,21,43.69,2025-07-08
472,309.42,47,6.58,2025-06-22
473,545.44,27,20.2,2025-06-27
474,1410.06,44,32.05,2025-06-14
475,1493.49,39,38.29,2025-06-21
476,925.29,33,28.04,2025-06-24
477,1172.97,39,30.08,2025-06-16
478,1093.38,23,47.54,2025-07-03
479,1923.66,15,128.24,2025-06-17
480,1335.87,12,111.32,2025-06-27
481,961.62,25,38.46,2025-06-15
482,713.34,16,44.58,2025-07-05
483,518.07,23,22.52,2025-06-18
484,1061.04,18,58.95,2025-06-19
485,773.09,24,32.21,2025-06-25
486,573.32,30,19.11,2025-06-16
487,806.03,44,18.32,2025-06-22
488,675.54,11,61.41,2025-06-27
489,1506.14,36,41.84,2025-06-22
490,1264.49,11,114.95,2025-07-08
491,997.61,44,22.67,2025-07-01
492,1443.98,27,53.48,2025-06-22
493,1023.21,23,44.49,2025-07-02
494,741.61,29,25.57,2025-06-13
495,1456.94,27,53.96,2025-06-21
496,1161.67,19,61.14,2025-06-28
497,,34,20.26,2025-07-04
498,-942.9,11,85.72,2025-06-27
499,737.31,34,21.69,2025-07-02
500,585.16,42,13.93,2025-06-14
501,-292.62,4,73.15,2025-02-08
502,390.94,3,130.31,2025-02-13
503,60.14,2,30.07,2025-02-11
504,,1,256.3,2025-05-24
505,134.94,2,67.47,2025-01-21
506,151.29,4,37.82,2025-02-12
507,140.76,2,70.38,2025-04-12
508,113.6,2,56.8,2025-05-13
509,204.85,1,204.85,2025-06-03
510,116.9,4,29.23,2025-04-09
511,227.05,3,75.68,2025-02-12
512,194.98,3,64.99,2025-04-21
513,176.11,1,176.11,2025-03-15
514,109.24,2,54.62,2025-01-21
515,142.32,1,142.32,2025-04-20
516,275.54,1,275.54,2025-03-26
517,250.09,1,250.09,2025-05-02
518,102.24,2,51.12,2025-04-05
519,209.93,4,52.48,2025-06-04
520,275.14,1,275.14,2025-06-10
521,33.06,2,16.53,2025-02-27
522,254.34,4,63.58,2025-02-07
523,133.74,1,133.74,2025-02-22
524,257.06,3,85.69,2025-03-18
525,123.67,4,30.92,2025-02-12
526,19.51,1,19.51,2025-02-05
527,37.25,4,9.31,2025-05-27
528,204.81,4,51.2,2025-04-11
529,225.97,4,56.49,2025-02-19
530,109.57,4,27.39,2025-05-31
531,263.86,4,65.96,2025-05-08
532,33.85,4,8.46,2025-06-01
533,193.39,1,193.39,2025-04-09
534,78.9,3,26.3,2025-04-23
535,134.82,2,67.41,2025-01-14
536,204.74,4,51.18,2025-04-04
537,113.96,2,56.98,2025-04-25
538,161.54,1,161.54,2025-05-23
539,300.63,4,75.16,2025-03-03
540,,3,47.44,2025-01-26
541,283.57,2,141.78,2025-04-05
542,,4,21.76,2025-05-08
543,252.98,1,252.98,2025-04-08
544,344.16,3,114.72,2025-06-04
545,-47.16,2,-23.58,2025-04-28
546,120.31,2,60.16,2025-03-17
547,257.71,4,64.43,2025-03-28
548,179.7,3,59.9,2025-03-28
549,237.11,3,79.04,2025-04-26
550,139.6,3,46.53,2025-05-28
551,208.66,3,69.55,2025-02-27
552,184.43,1,184.43,2025-01-16
553,316.78,3,105.59,2025-05-17
554,225.44,2,112.72,2025-04-21
555,233.76,2,116.88,2025-03-11
556,158.81,1,158.81,2025-01-13
557,151.24,2,75.62,2025-05-22
558,156.74,2,78.37,2025-04-22
559,239.45,3,79.82,2025-05-05
560,157.9,2,78.95,2025-05-23
561,228.98,1,228.98,2025-01-31
562,407.54,3,135.85,2025-04-18
563,287.11,4,71.78,2025-03-12
564,167.4,3,55.8,2025-05-15
565,320.12,1,320.12,2025-06-08
566,159.19,3,53.06,2025-01-13
567,-3.81,3,-1.27,2025-03-28
568,99.19,1,99.19,2025-04-06
569,12.92,3,4.31,2025-03-18
570,,1,164.85,2025-03-13
571,201.84,1,201.84,2025-02-27
572,367.64,4,91.91,2025-06-11
573,232.69,2,116.35,2025-04-01
574,-178.09,2,89.04,2025-03-17
575,282.94,3,94.31,2025-06-06
576,-21.11,3,-7.04,2025-01-18
577,223.56,4,55.89,2025-04-12
578,277.09,4,69.27,2025-05-31
579,52.14,4,13.04,2025-06-06
580,314.38,1,314.38,2025-05-16
581,233.85,4,58.46,2025-01-27
582,158.47,4,39.62,2025-02-08
583,263.28,3,87.76,2025-02-26
584,427.07,4,106.77,2025-03-11
585,218.19,1,218.19,2025-02-23
586,224.82,1,224.82,2025-03-05
587,154.06,3,51.35,2025-01-21
588,,4,28.75,2025-05-08
589,283.03,4,70.76,2025-03-20
590,114.39,1,114.39,2025-04-17
591,207.16,4,51.79,2025-01-22
592,,4,38.06,2025-04-24
593,247.9,4,61.97,2025-04-27
594,233.37,2,116.68,2025-02-19
595,303.75,3,101.25,2025-01-27
596,149.0,2,74.5,2025-04-30
597,173.01,3,57.67,2025-01-15
598,102.12,1,102.12,2025-02-08
599,155.57,4,38.89,2025-03-07
600,237.73,3,79.24,2025-03-14
601,275.7,2,137.85,2025-05-04
602,107.78,4,26.95,2025-03-19
603,286.96,1,286.96,2025-04-11
604,,3,111.85,2025-02-26
605,241.34,3,80.45,2025-02-25
606,387.68,3,129.23,2025-04-19
607,122.62,4,30.66,2025-02-06
608,75.53,2,37.77,2025-06-03
609,22.13,2,11.06,2025-03-16
610,349.6,3,116.53,2025-05-06
611,265.44,1,265.44,2025-04-24
612,194.44,1,194.44,2025-05-02
613,228.0,2,114.0,2025-05-26
614,87.45,1,87.45,2025-03-16
615,444.58,2,222.29,2025-05-22
616,212.92,3,70.97,2025-04-22
617,210.94,2,105.47,2025-04-14
618,272.58,2,136.29,2025-05-02
619,248.1,3,82.7,2025-05-04
620,222.39,1,222.39,2025-01-22
621,120.95,2,60.48,2025-06-01
622,247.15,2,123.57,2025-01-16
623,388.2,3,129.4,2025-01-24
624,334.54,1,334.54,2025-03-27
625,359.32,2,179.66,2025-02-05
626,148.88,3,49.63,2025-04-27
627,101.04,2,50.52,2025-04-28
628,187.42,4,46.86,2025-06-11
629,205.57,3,68.52,2025-02-24
630,309.42,1,309.42,2025-05-24
631,,1,30.75,2025-03-28
632,352.96,1,352.96,2025-04-01
633,184.2,1,184.2,2025-02-23
634,157.31,2,78.66,2025-05-31
635,98.79,2,49.39,2025-04-28
636,34.51,1,34.51,2025-03-14
637,282.32,1,282.32,2025-03-01
638,207.33,1,207.33,2025-06-04
639,71.0,2,35.5,2025-03-13
640,70.49,1,70.49,2025-03-17
641,166.42,1,166.42,2025-03-20
642,366.9,4,91.73,2025-03-22
643,174.04,4,43.51,2025-01-17
644,49.69,1,49.69,2025-04-05
645,175.43,3,58.48,2025-02-05
646,172.73,1,172.73,2025-03-22
647,-69.69,4,-17.42,2025-01-16
648,194.57,3,64.86,2025-03-20
649,176.91,3,58.97,2025-02-19
650,269.62,1,269.62,2025-03-28
651,384.9,4,96.22,2025-02-10
652,312.66,4,78.16,2025-01-20
653,173.11,3,57.7,2025-05-02
654,89.35,1,89.35,2025-06-10
655,457.34,2,228.67,2025-05-14
656,205.92,2,102.96,2025-02-27
657,201.39,4,50.35,2025-04-22
658,197.59,2,98.79,2025-03-29
659,219.81,4,54.95,2025-06-02
660,185.56,4,46.39,2025-01-21
661,142.63,4,35.66,2025-04-22
662,145.31,2,72.66,2025-02-14
663,196.72,4,49.18,2025-02-11
664,145.66,3,48.55,2025-05-04
665,128.72,1,128.72,2025-05-15
666,210.64,1,210.64,2025-06-09
667,174.5,4,43.63,2025-03-20
668,350.4,1,350.4,2025-02-15
669,-65.1,2,-32.55,2025-06-10
670,309.15,2,154.58,2025-03-11
671,324.61,1,324.61,2025-02-01
672,,2,-3.67,2025-01-19
673,165.73,1,165.73,2025-03-10
674,162.86,1,162.86,2025-05-03
675,59.25,1,59.25,2025-06-10
676,122.22,4,30.55,2025-03-23
677,88.94,1,88.94,2025-05-31
678,375.23,4,93.81,2025-04-08
679,293.57,1,293.57,2025-04-18
680,327.16,1,327.16,2025-04-28
681,272.17,1,272.17,2025-03-03
682,87.09,2,43.55,2025-04-11
683,147.55,4,36.89,2025-04-24
684,248.94,4,62.23,2025-02-05
685,-77.79,1,77.79,2025-05-20
686,271.3,1,271.3,2025-05-05
687,175.97,2,87.98,2025-05-15
688,162.52,2,81.26,2025-05-22
689,271.1,2,135.55,2025-02-25
690,244.43,4,61.11,2025-01-17
691,163.9,4,40.98,2025-03-05
692,315.93,4,78.98,2025-02-13
693,91.89,1,91.89,2025-03-31
694,261.59,4,65.4,2025-02-10
695,259.31,3,86.44,2025-05-13
696,169.05,3,56.35,2025-02-24
697,232.61,2,116.31,2025-03-06
698,74.89,4,18.72,2025-05-11
699,292.4,3,97.47,2025-03-25
700,181.51,2,90.75,2025-05-02
701,147.73,4,36.93,2025-04-10
702,304.9,1,304.9,2025-05-20
703,129.57,3,43.19,2025-02-28
704,59.15,1,59.15,2025-03-29
705,44.34,4,11.08,2025-04-25
706,260.6,3,86.87,2025-04-16
707,,4,17.99,2025-02-14
708,375.48,1,375.48,2025-03-04
709,-8.19,3,-2.73,2025-02-08
710,,1,369.65,2025-05-09
711,221.1,4,55.28,2025-06-05
712,190.33,4,47.58,2025-04-17
713,,1,145.51,2025-04-08
714,239.91,3,79.97,2025-04-26
715,196.24,1,196.24,2025-01-15
716,310.33,4,77.58,2025-05-24
717,211.42,1,211.42,2025-01-17
718,215.03,4,53.76,2025-02-06
719,163.64,1,163.64,2025-01-24
720,194.31,3,64.77,2025-04-24
721,230.78,3,76.93,2025-02-19
722,28.98,1,28.98,2025-05-05
723,65.18,1,65.18,2025-04-09
724,274.33,3,91.44,2025-04-04
725,,4,54.27,2025-01-27
726,181.6,3,60.53,2025-02-16
727,201.84,4,50.46,2025-04-08
728,234.76,1,234.76,2025-05-12
729,146.02,1,146.02,2025-01-31
730,122.17,4,30.54,2025-02-19
731,219.58,1,219.58,2025-02-23
732,102.16,4,25.54,2025-04-04
733,,2,120.41,2025-02-12
734,29.74,3,9.91,2025-03-16
735,302.92,2,151.46,2025-04-06
736,247.26,4,61.81,2025-03-29
737,225.6,3,75.2,2025-04-28
738,298.27,4,74.57,2025-06-08
739,366.55,3,122.18,2025-02-25
740,301.44,3,100.48,2025-04-22
741,15.91,3,5.3,2025-04-23
742,72.04,3,24.01,2025-06-06
743,,4,34.38,2025-04-14
744,-202.61,3,67.54,2025-02-07
745,251.77,3,83.92,2025-01-20
746,127.43,2,63.71,2025-05-13
747,218.68,1,218.68,2025-02-10
748,124.46,1,124.46,2025-02-07
749,138.85,2,69.42,2025-05-06
750,59.33,2,29.67,2025-02-08
751,,4,26.92,2025-03-03
752,64.83,4,16.21,2025-05-08
753,102.41,4,25.6,2025-03-17
754,305.36,2,152.68,2025-01-29
755,105.06,2,52.53,2025-05-25
756,463.24,3,154.41,2025-02-19
757,249.33,4,62.33,2025-05-14
758,218.48,4,54.62,2025-03-27
759,114.16,4,28.54,2025-04-14
760,270.03,1,270.03,2025-02-06
761,142.44,3,47.48,2025-01-18
762,212.2,4,53.05,2025-02-23
763,456.01,4,114.0,2025-05-21
764,190.39,4,47.6,2025-04-05
765,314.93,1,314.93,2025-04-04
766,129.68,1,129.68,2025-04-24
767,196.5,2,98.25,2025-01-22
768,377.08,3,125.69,2025-02-23
769,137.3,2,68.65,2025-03-18
770,381.24,3,127.08,2025-04-20
771,270.78,1,270.78,2025-02-09
772,143.75,4,35.94,2025-03-17
773,263.24,2,131.62,2025-02-01
774,-297.26,4,74.31,2025-05-01
775,262.18,2,131.09,2025-03-06
776,42.98,1,42.98,2025-02-23
777,127.29,1,127.29,2025-04-22
778,175.25,1,175.25,2025-03-19
779,-192.56,2,96.28,2025-02-05
780,262.07,3,87.36,2025-05-22
781,217.77,2,108.89,2025-04-29
782,66.47,3,22.16,2025-01-24
783,238.02,2,119.01,2025-03-01
784,261.06,2,130.53,2025-04-05
785,255.98,1,255.98,2025-02-03
786,308.08,4,77.02,2025-03-12
787,283.39,4,70.85,2025-05-19
788,245.92,3,81.97,2025-02-07
789,192.98,4,48.25,2025-01-22
790,-33.9,2,16.95,2025-02-21
791,242.96,2,121.48,2025-03-06
792,220.77,1,220.77,2025-01-24
793,227.16,1,227.16,2025-05-26
794,72.33,4,18.08,2025-03-05
795,91.89,3,30.63,2025-03-22
796,305.32,4,76.33,2025-02-28
797,196.04,4,49.01,2025-05-24
798,268.15,4,67.04,2025-03-19
799,202.83,4,50.71,2025-06-04
800,202.98,2,101.49,2025-05-15
801,3938.28,15,262.55,2025-07-06
802,-2483.96,14,177.43,2025-06-24
803,3096.12,19,162.95,2025-06-04
804,2537.72,5,507.54,2025-06-05
805,2565.5,12,213.79,2025-05-18
806,2690.83,6,448.47,2025-06-22
807,3222.13,11,292.92,2025-06-14
808,2521.25,13,193.94,2025-05-19
809,4255.76,13,327.37,2025-06-07
810,2105.39,12,175.45,2025-06-30
811,2813.13,15,187.54,2025-05-18
812,2560.27,18,142.24,2025-05-27
813,4446.98,16,277.94,2025-05-25
814,3196.55,14,228.33,2025-06-29
815,4031.84,13,310.14,2025-05-18
816,1514.44,6,252.41,2025-06-20
817,3267.05,10,326.71,2025-05-18
818,3889.63,8,486.2,2025-06-30
819,3082.28,18,171.24,2025-06-02
820,4065.48,8,508.19,2025-06-13
821,2482.71,9,275.86,2025-07-06
822,4409.35,16,275.58,2025-06-24
823,5298.9,7,756.99,2025-05-16
824,2637.16,18,146.51,2025-06-21
825,2554.5,5,510.9,2025-05-31
826,4453.38,12,371.12,2025-05-26
827,4579.57,9,508.84,2025-05-14
828,2477.14,7,353.88,2025-06-29
829,,14,184.27,2025-07-05
830,2718.22,18,151.01,2025-06-24
831,1655.55,11,150.5,2025-05-21
832,2081.35,11,189.21,2025-06-22
833,1995.86,5,399.17,2025-06-15
834,2232.2,16,139.51,2025-05-24
835,2965.32,13,228.1,2025-05-28
836,3234.21,19,170.22,2025-05-28
837,4550.5,6,758.42,2025-05-20
838,,9,222.41,2025-06-09
839,3984.32,17,234.37,2025-07-05
840,2786.01,18,154.78,2025-05-17
841,,9,327.84,2025-05-14
842,,18,204.16,2025-06-05
843,1877.28,12,156.44,2025-06-03
844,3382.41,18,187.91,2025-06-30
845,3166.45,12,263.87,2025-06-08
846,3492.45,18,194.03,2025-06-17
847,3289.17,11,299.02,2025-06-18
848,,11,495.94,2025-06-26
849,2362.26,16,147.64,2025-06-14
850,2469.0,15,164.6,2025-06-30
851,2376.86,10,237.69,2025-05-15
852,2444.52,10,244.45,2025-05-21
853,2362.61,15,157.51,2025-05-22
854,4189.02,13,322.23,2025-06-24
855,4420.5,10,442.05,2025-05-21
856,2429.25,16,151.83,2025-05-19
857,2167.64,17,127.51,2025-06-27
858,3471.42,17,204.2,2025-06-14
859,2447.78,6,407.96,2025-06-23
860,3632.93,6,605.49,2025-06-13
861,3202.92,17,188.41,2025-05-21
862,1484.26,9,164.92,2025-05-25
863,4547.51,19,239.34,2025-05-25
864,4795.88,8,599.48,2025-07-07
865,2387.21,15,159.15,2025-07-04
866,2612.3,6,435.38,2025-05-27
867,3285.87,19,172.94,2025-06-06
868,3334.46,19,175.5,2025-05-24
869,-3658.54,7,522.65,2025-07-02
870,5010.2,11,455.47,2025-07-03
871,2823.05,12,235.25,2025-05-20
872,2201.7,16,137.61,2025-05-27
873,1620.68,17,95.33,2025-06-24
874,2269.07,10,226.91,2025-06-24
875,2966.87,15,197.79,2025-05-23
876,4794.56,9,532.73,2025-06-08
877,2482.39,17,146.02,2025-06-09
878,3223.79,5,644.76,2025-07-03
879,2983.58,12,248.63,2025-06-22
880,4188.39,7,598.34,2025-06-03
881,5526.93,19,290.89,2025-07-08
882,2469.13,10,246.91,2025-05-13
883,2510.56,7,358.65,2025-07-06
884,4044.16,11,367.65,2025-06-28
885,3681.89,17,216.58,2025-05-25
886,4846.71,18,269.26,2025-05-26
887,3583.93,11,325.81,2025-06-10
888,,16,165.04,2025-05-17
889,-3590.65,19,188.98,2025-06-25
890,4108.7,13,316.05,2025-05-22
891,3820.48,9,424.5,2025-06-09
892,3507.27,19,184.59,2025-06-19
893,4066.67,12,338.89,2025-06-12
894,,14,297.81,2025-06-19
895,4382.16,14,313.01,2025-05-29
896,3648.71,12,304.06,2025-07-08
897,2832.88,5,566.58,2025-05-18
898,3146.71,16,196.67,2025-07-01
899,4206.51,9,467.39,2025-05-30
900,2183.06,7,311.87,2025-06-20
901,3368.67,5,673.73,2025-06-25
902,2606.66,8,325.83,2025-06-29
903,3028.74,12,252.4,2025-07-09
904,4278.45,7,611.21,2025-05-31
905,3191.1,14,227.94,2025-06-17
906,3046.44,6,507.74,2025-06-06
907,1640.14,15,109.34,2025-05-16
908,3746.25,13,288.17,2025-06-11
909,3645.48,14,260.39,2025-05-15
910,5163.25,9,573.69,2025-06-11
911,2692.22,18,149.57,2025-05-25
912,3219.15,11,292.65,2025-06-06
913,3249.38,15,216.63,2025-06-22
914,4577.45,15,305.16,2025-05-22
915,2904.7,6,484.12,2025-07-03
916,3279.02,13,252.23,2025-06-15
917,3607.9,17,212.23,2025-05-23
918,3186.61,13,245.12,2025-06-01
919,2553.57,8,319.2,2025-07-04
920,3194.09,8,399.26,2025-06-11
921,4073.63,10,407.36,2025-07-04
922,1973.48,14,140.96,2025-07-08
923,3132.97,14,223.78,2025-07-10
924,2299.88,14,164.28,2025-06-05
925,4195.05,10,419.5,2025-06-16
926,1476.81,16,92.3,2025-06-04
927,2441.08,5,488.22,2025-07-10
928,3377.21,18,187.62,2025-06-26
929,4565.52,18,253.64,2025-06-04
930,2934.25,13,225.71,2025-06-28
931,2444.8,6,407.47,2025-06-01
932,4881.16,9,542.35,2025-07-03
933,1551.99,13,119.38,2025-07-06
934,801.19,8,100.15,2025-07-02
935,3440.01,15,229.33,2025-07-10
936,2497.95,7,356.85,2025-06-05
937,1978.77,19,104.15,2025-06-06
938,3708.36,11,337.12,2025-07-09
939,3243.8,10,324.38,2025-06-01
940,2435.92,12,202.99,2025-06-18
941,1719.7,7,245.67,2025-07-02
942,3872.46,9,430.27,2025-06-07
943,3650.2,14,260.73,2025-05-26
944,2900.82,8,362.6,2025-06-27
945,4846.64,19,255.09,2025-07-07
946,1929.92,17,113.52,2025-06-11
947,1474.47,8,184.31,2025-06-10
948,2308.09,8,288.51,2025-06-03
949,2954.41,14,211.03,2025-06-30
950,3243.34,12,270.28,2025-06-06
951,2758.76,10,275.88,2025-07-03
952,,7,478.87,2025-07-08
953,1748.46,14,124.89,2025-06-27
954,4443.76,9,493.75,2025-06-28
955,2917.85,10,291.78,2025-05-27
956,4117.3,9,457.48,2025-06-09
957,,10,334.27,2025-06-07
958,3456.75,12,288.06,2025-05-27
959,3569.77,11,324.52,2025-06-22
960,3447.71,9,383.08,2025-05-13
961,3642.72,14,260.19,2025-06-03
962,4329.15,10,432.92,2025-06-25
963,3196.52,18,177.58,2025-07-09
964,3709.0,8,463.63,2025-06-01
965,2910.26,16,181.89,2025-06-24
966,-4440.12,13,341.55,2025-05-17
967,2323.61,17,136.68,2025-06-07
968,4800.94,8,600.12,2025-05-30
969,2959.84,5,591.97,2025-06-25
970,1569.22,11,142.66,2025-06-03
971,3128.1,11,284.37,2025-07-09
972,2318.95,8,289.87,2025-07-09
973,3840.64,17,225.92,2025-06-15
974,2347.38,18,130.41,2025-06-28
975,2553.82,7,364.83,2025-05-16
976,1110.46,12,92.54,2025-05-25
977,2547.69,9,283.08,2025-06-10
978,,14,41.15,2025-06-07
979,1416.1,11,128.74,2025-06-02
980,3760.41,8,470.05,2025-07-08
981,-3785.8,8,473.23,2025-07-03
982,3425.46,12,285.45,2025-06-18
983,2033.02,18,112.95,2025-06-27
984,2952.29,12,246.02,2025-05-16
985,2996.4,6,499.4,2025-05-17
986,1841.64,18,102.31,2025-06-14
987,4503.4,6,750.57,2025-05-18
988,3877.36,7,553.91,2025-06-12
989,-2779.04,19,146.27,2025-06-02
990,3026.89,16,189.18,2025-05-19
991,3208.38,16,200.52,2025-06-02
992,958.27,7,136.9,2025-07-10
993,,5,550.56,2025-06-24
994,2318.02,19,122.0,2025-05-31
995,1998.38,18,111.02,2025-06-11
996,2718.9,7,388.41,2025-05-19
997,4797.69,10,479.77,2025-06-28
998,,12,303.4,2025-06-20
999,2428.82,17,142.87,2025-06-22
1000,3572.58,16,223.29,2025-05-19
